Temperature [degC]: 	Vbr @ different temperatures
40	0.000000E+0
60	0.000000E+0
80	0.000000E+0
100	0.000000E+0
120	0.000000E+0
